"filename", "language", "Python", "C++", "CUDA C++", "Properties", "Markdown", "toml", "comment", "blank", "total"
"/Users/aarushagarwal/Documents/CMU/Research/fastgraphcompute/README.md", "Markdown", 0, 0, 0, 0, 89, 0, 0, 30, 119
"/Users/aarushagarwal/Documents/CMU/Research/fastgraphcompute/fastgraphcompute/__init__.py", "Python", 31, 0, 0, 0, 0, 0, 5, 8, 44
"/Users/aarushagarwal/Documents/CMU/Research/fastgraphcompute/fastgraphcompute/extensions/__init__.py", "Python", 1, 0, 0, 0, 0, 0, 0, 0, 1
"/Users/aarushagarwal/Documents/CMU/Research/fastgraphcompute/fastgraphcompute/extensions/bin_by_coordinates.py", "Python", 69, 0, 0, 0, 0, 0, 20, 22, 111
"/Users/aarushagarwal/Documents/CMU/Research/fastgraphcompute/fastgraphcompute/extensions/bin_by_coordinates_cpu.cpp", "C++", 0, 114, 0, 0, 0, 0, 9, 36, 159
"/Users/aarushagarwal/Documents/CMU/Research/fastgraphcompute/fastgraphcompute/extensions/bin_by_coordinates_cuda.cpp", "C++", 0, 27, 0, 0, 0, 0, 2, 5, 34
"/Users/aarushagarwal/Documents/CMU/Research/fastgraphcompute/fastgraphcompute/extensions/bin_by_coordinates_cuda_kernel.cu", "CUDA C++", 0, 0, 125, 0, 0, 0, 16, 35, 176
"/Users/aarushagarwal/Documents/CMU/Research/fastgraphcompute/fastgraphcompute/extensions/binned_select_knn.py", "Python", 114, 0, 0, 0, 0, 0, 31, 37, 182
"/Users/aarushagarwal/Documents/CMU/Research/fastgraphcompute/fastgraphcompute/extensions/binned_select_knn_cpu.cpp", "C++", 0, 226, 0, 0, 0, 0, 14, 52, 292
"/Users/aarushagarwal/Documents/CMU/Research/fastgraphcompute/fastgraphcompute/extensions/binned_select_knn_cuda.cpp", "C++", 0, 52, 0, 0, 0, 0, 3, 6, 61
"/Users/aarushagarwal/Documents/CMU/Research/fastgraphcompute/fastgraphcompute/extensions/binned_select_knn_cuda_kernel.cu", "CUDA C++", 0, 0, 272, 0, 0, 0, 11, 73, 356
"/Users/aarushagarwal/Documents/CMU/Research/fastgraphcompute/fastgraphcompute/extensions/binned_select_knn_grad_cpu.cpp", "C++", 0, 141, 0, 0, 0, 0, 3, 35, 179
"/Users/aarushagarwal/Documents/CMU/Research/fastgraphcompute/fastgraphcompute/extensions/binned_select_knn_grad_cuda.cpp", "C++", 0, 26, 0, 0, 0, 0, 2, 6, 34
"/Users/aarushagarwal/Documents/CMU/Research/fastgraphcompute/fastgraphcompute/extensions/binned_select_knn_grad_cuda_kernel.cu", "CUDA C++", 0, 0, 141, 0, 0, 0, 0, 38, 179
"/Users/aarushagarwal/Documents/CMU/Research/fastgraphcompute/fastgraphcompute/extensions/binstepper.h", "C++", 0, 136, 0, 0, 0, 0, 10, 25, 171
"/Users/aarushagarwal/Documents/CMU/Research/fastgraphcompute/fastgraphcompute/extensions/cuda_helpers.h", "C++", 0, 156, 0, 0, 0, 0, 92, 35, 283
"/Users/aarushagarwal/Documents/CMU/Research/fastgraphcompute/fastgraphcompute/extensions/helpers.h", "C++", 0, 9, 0, 0, 0, 0, 6, 6, 21
"/Users/aarushagarwal/Documents/CMU/Research/fastgraphcompute/fastgraphcompute/extensions/index_replacer.py", "Python", 41, 0, 0, 0, 0, 0, 6, 12, 59
"/Users/aarushagarwal/Documents/CMU/Research/fastgraphcompute/fastgraphcompute/extensions/index_replacer_cpu.cpp", "C++", 0, 45, 0, 0, 0, 0, 0, 8, 53
"/Users/aarushagarwal/Documents/CMU/Research/fastgraphcompute/fastgraphcompute/extensions/index_replacer_cuda.cpp", "C++", 0, 19, 0, 0, 0, 0, 2, 4, 25
"/Users/aarushagarwal/Documents/CMU/Research/fastgraphcompute/fastgraphcompute/extensions/index_replacer_cuda_kernel.cu", "CUDA C++", 0, 0, 45, 0, 0, 0, 0, 9, 54
"/Users/aarushagarwal/Documents/CMU/Research/fastgraphcompute/fastgraphcompute/extensions/oc_helper.py", "Python", 179, 0, 0, 0, 0, 0, 24, 58, 261
"/Users/aarushagarwal/Documents/CMU/Research/fastgraphcompute/fastgraphcompute/extensions/oc_helper_cpu.cpp", "C++", 0, 118, 0, 0, 0, 0, 10, 33, 161
"/Users/aarushagarwal/Documents/CMU/Research/fastgraphcompute/fastgraphcompute/extensions/oc_helper_cuda.cpp", "C++", 0, 32, 0, 0, 0, 0, 2, 8, 42
"/Users/aarushagarwal/Documents/CMU/Research/fastgraphcompute/fastgraphcompute/extensions/oc_helper_cuda_kernel.cu", "CUDA C++", 0, 0, 152, 0, 0, 0, 16, 28, 196
"/Users/aarushagarwal/Documents/CMU/Research/fastgraphcompute/fastgraphcompute/extensions/oc_helper_helper.cpp", "C++", 0, 58, 0, 0, 0, 0, 19, 24, 101
"/Users/aarushagarwal/Documents/CMU/Research/fastgraphcompute/fastgraphcompute/extensions/select_knn_cpu.cpp", "C++", 0, 170, 0, 0, 0, 0, 11, 32, 213
"/Users/aarushagarwal/Documents/CMU/Research/fastgraphcompute/fastgraphcompute/extensions/select_knn_cuda.cpp", "C++", 0, 31, 0, 0, 0, 0, 2, 4, 37
"/Users/aarushagarwal/Documents/CMU/Research/fastgraphcompute/fastgraphcompute/extensions/select_knn_cuda_kernel.cu", "CUDA C++", 0, 0, 156, 0, 0, 0, 13, 36, 205
"/Users/aarushagarwal/Documents/CMU/Research/fastgraphcompute/fastgraphcompute/gnn_ops.py", "Python", 69, 0, 0, 0, 0, 0, 20, 22, 111
"/Users/aarushagarwal/Documents/CMU/Research/fastgraphcompute/fastgraphcompute/object_condensation.py", "Python", 233, 0, 0, 0, 0, 0, 29, 76, 338
"/Users/aarushagarwal/Documents/CMU/Research/fastgraphcompute/fastgraphcompute/torch_geometric_interface.py", "Python", 48, 0, 0, 0, 0, 0, 7, 16, 71
"/Users/aarushagarwal/Documents/CMU/Research/fastgraphcompute/performance/binned_knn.py", "Python", 92, 0, 0, 0, 0, 0, 16, 40, 148
"/Users/aarushagarwal/Documents/CMU/Research/fastgraphcompute/performance/gravnet_perfm.py", "Python", 120, 0, 0, 0, 0, 0, 27, 45, 192
"/Users/aarushagarwal/Documents/CMU/Research/fastgraphcompute/performance/oc_helper_helper.py", "Python", 93, 0, 0, 0, 0, 0, 13, 35, 141
"/Users/aarushagarwal/Documents/CMU/Research/fastgraphcompute/performance/oc_helpers.py", "Python", 67, 0, 0, 0, 0, 0, 14, 20, 101
"/Users/aarushagarwal/Documents/CMU/Research/fastgraphcompute/pyproject.toml", "toml", 0, 0, 0, 0, 0, 6, 0, 1, 7
"/Users/aarushagarwal/Documents/CMU/Research/fastgraphcompute/setup.cfg", "Properties", 0, 0, 0, 40, 0, 0, 0, 8, 48
"/Users/aarushagarwal/Documents/CMU/Research/fastgraphcompute/setup.py", "Python", 114, 0, 0, 0, 0, 0, 6, 21, 141
"/Users/aarushagarwal/Documents/CMU/Research/fastgraphcompute/tests/test_all.py", "Python", 11, 0, 0, 0, 0, 0, 0, 2, 13
"/Users/aarushagarwal/Documents/CMU/Research/fastgraphcompute/tests/test_bin_by_coordinates.py", "Python", 158, 0, 0, 0, 0, 0, 18, 53, 229
"/Users/aarushagarwal/Documents/CMU/Research/fastgraphcompute/tests/test_binned_select_knn.py", "Python", 114, 0, 0, 0, 0, 0, 29, 53, 196
"/Users/aarushagarwal/Documents/CMU/Research/fastgraphcompute/tests/test_gnn_ops.py", "Python", 83, 0, 0, 0, 0, 0, 7, 26, 116
"/Users/aarushagarwal/Documents/CMU/Research/fastgraphcompute/tests/test_index_replacer.py", "Python", 50, 0, 0, 0, 0, 0, 12, 20, 82
"/Users/aarushagarwal/Documents/CMU/Research/fastgraphcompute/tests/test_object_condensation.py", "Python", 218, 0, 0, 0, 0, 0, 123, 58, 399
"/Users/aarushagarwal/Documents/CMU/Research/fastgraphcompute/tests/test_oc_helper.py", "Python", 133, 0, 0, 0, 0, 0, 62, 49, 244
"/Users/aarushagarwal/Documents/CMU/Research/fastgraphcompute/tests/test_oc_helper_helper.py", "Python", 82, 0, 0, 0, 0, 0, 14, 30, 126
"/Users/aarushagarwal/Documents/CMU/Research/fastgraphcompute/tests/test_torch_geometric_interface.py", "Python", 47, 0, 0, 0, 0, 0, 0, 14, 61
"Total", "-", 2167, 1360, 891, 40, 89, 6, 726, 1294, 6573